wavelength_um,global_tilt_um,direct_normal_um
0.28,4.7309e-20,2.5361e-23
0.2805,1.2307e-18,1.0916999999999999e-21
0.281,5.6895000000000004e-18,6.1253e-21
0.2815,1.5662000000000002e-16,2.7479000000000004e-19
0.282,1.1946e-15,2.8346e-18
0.2825,4.5436e-15,1.3271e-17
0.283,1.8452e-14,6.764599999999999e-17
0.2835,3.536e-14,1.4614000000000002e-16
0.284,7.266999999999999e-13,4.9837999999999995e-15
0.2845,2.4856e-12,2.1624000000000003e-14
0.285,8.0142e-12,8.9998e-14
0.2855,4.2612999999999995e-11,6.4424e-13
0.286,1.3684e-10,2.3502999999999998e-12
0.2865,8.382299999999999e-10,1.8458000000000002e-11
0.287,2.7367e-09,7.2547e-11
0.2875,1.0903e-08,3.6618e-10
0.288,6.2337e-08,2.8061e-09
0.2885,1.7162e-07,9.0651e-09
0.289,5.6265e-07,3.4978e-08
0.2895,2.0749e-06,1.5368e-07
0.29,6.0168000000000006e-06,5.1454e-07
0.2905,1.3783e-05,1.3303e-06
0.291,3.5052e-05,3.896500000000001e-06
0.2915,0.00010913,1.4425e-05
0.292,0.00026829999999999996,4.0789000000000005e-05
0.2925,0.00042685,7.0414e-05
0.293,0.0008646600000000001,0.0001576
0.2935,0.0022707,0.00047095000000000004
0.294,0.0041744,0.00094558
0.2945,0.0065911,0.0015965
0.295,0.012289999999999999,0.0032246
0.2955,0.027826,0.008020600000000001
0.296,0.047904,0.014737
0.2965,0.071345,0.023312
0.297,0.0968,0.033187
0.2975,0.18608,0.067912
0.298,0.28988,0.11127
0.2985,0.35789,0.1427
0.299,0.49211000000000005,0.20323
0.2995,0.86068,0.37386
0.3,1.0205,0.45631
0.3005,1.245,0.5720700000000001
0.301,1.9300000000000002,0.91926
0.3015,2.6914000000000002,1.3201
0.302,2.9209,1.4569999999999999
0.3025,4.284,2.191
0.303,7.0945,3.7332
0.3035,8.9795,4.8044
0.304,9.4701,5.0973
0.3045,11.953,6.4675
0.305,16.462999999999997,8.9336
0.3055,18.719,10.186
0.306,18.576999999999998,10.149999999999999
0.3065,21.107999999999997,11.568
0.307,27.849,15.245999999999999
0.3075,35.635,19.468
0.308,37.837,20.753
0.3085,41.43,22.75
0.309,40.534,22.298
0.3095,43.306,23.671999999999997
0.31,50.939,27.826
0.3105,65.54,35.879
0.311,82.922,45.392
0.3115,84.08,46.156000000000006
0.312,93.376,50.897999999999996
0.3125,98.98400000000001,53.766
0.313,107.33,58.323
0.3135,107.57,58.999
0.314,119.69,65.266
0.3145,130.6,70.476
0.315,136.25,73.686
0.3155,118.38,64.833
0.316,123.48,67.088
0.3165,150.35999999999999,81.118
0.317,171.58,93.02000000000001
0.3175,182.45,99.71199999999999
0.318,175.94000000000003,95.815
0.3185,185.91,100.05
0.319,204.7,109.71000000000001
0.3195,195.89000000000001,106.92999999999999
0.32,205.27,112.77
0.3205,245.25,133.05
0.321,250.24,134.14000000000001
0.3215,238.43,128.17000000000002
0.322,222.03,122.0
0.3225,217.09,119.7
0.323,212.26,116.23
0.3235,248.60999999999999,133.93
0.324,275.37,148.52
0.3245,283.21000000000004,154.67000000000002
0.325,278.94,155.04000000000002
0.3255,324.35999999999996,179.35999999999999
0.326,381.2,208.68
0.3265,407.22,221.62
0.327,398.06,218.34
0.3275,384.65,212.85000000000002
0.328,351.16,197.73
0.3285,371.64000000000004,206.75
0.329,422.35,232.97
0.3295,468.78,258.64
0.33,471.39,261.91999999999996
0.3305,428.0,241.03
0.331,402.62,228.35
0.3315,418.06,236.35
0.332,436.23,245.07999999999998
0.3325,439.19,246.54999999999998
0.333,429.44,242.63000000000002
0.3335,407.24,232.65
0.334,414.97,238.23
0.3345,445.09,254.34
0.335,463.88,264.77
0.3355,453.13,258.94
0.336,415.19,238.13
0.3365,382.14,220.98999999999998
0.337,373.8,217.67000000000002
0.3375,400.51,234.34
0.338,434.11,253.20999999999998
0.3385,455.27,265.49
0.339,463.55,270.96
0.3395,474.46,278.46999999999997
0.34,501.8,296.59000000000003
0.3405,500.71,296.74
0.341,471.39,279.32
0.3415,469.34999999999997,278.53
0.342,489.34,291.21000000000004
0.3425,507.66999999999996,302.96
0.343,514.89,308.57
0.3435,486.09000000000003,292.46
0.344,418.43,253.52
0.3445,403.07,244.39
0.345,458.98,278.54
0.3455,489.32,297.61
0.346,477.78,291.32000000000005
0.3465,486.57,297.47
0.347,494.03999999999996,303.18
0.3475,476.74,293.51
0.348,475.10999999999996,293.06
0.3485,483.36,298.84
0.349,465.64,288.64
0.3495,478.04999999999995,297.20000000000005
0.35,527.98,329.13
0.3505,567.41,354.71000000000004
0.351,551.72,346.03000000000003
0.3515,530.22,333.88
0.352,517.91,326.73999999999995
0.3525,489.62,309.53999999999996
0.353,520.4,329.75
0.3535,572.28,363.51
0.354,604.98,385.23
0.3545,611.56,390.43
0.355,611.4000000000001,391.40000000000003
0.3555,590.28,378.78000000000003
0.356,553.87,356.27
0.3565,519.42,334.95000000000005
0.357,456.73,295.27
0.3575,462.15,299.5
0.358,430.06,279.36
0.3585,399.26,259.97999999999996
0.359,469.53000000000003,306.5
0.3595,565.49,370.13
0.36,598.17,392.40000000000003
0.3605,565.31,371.67
0.361,520.24,342.78
0.3615,509.56,336.46999999999997
0.362,534.2,353.5
0.3625,585.0999999999999,388.04
0.363,601.91,400.05
0.3635,585.41,389.94
0.364,606.2800000000001,404.72
0.3645,600.58,401.78999999999996
0.365,623.59,418.1
0.3655,686.28,461.1
0.366,735.3199999999999,495.08000000000004
0.3665,736.58,496.94
0.367,722.85,488.69
0.3675,709.14,480.41
0.368,667.59,453.19
0.3685,663.1,451.06
0.369,693.1500000000001,472.44000000000005
0.3695,744.6899999999999,508.56
0.37,755.07,516.66
0.3705,682.61,467.98
0.371,693.38,476.28
0.3715,720.51,495.87
0.372,674.44,465.05999999999995
0.3725,642.5300000000001,443.89
0.373,618.86,428.33
0.3735,557.86,386.82
0.374,556.4,386.51000000000005
0.3745,552.27,384.35
0.375,589.3000000000001,410.87
0.3755,651.62,455.14
0.376,674.8,472.18
0.3765,663.9000000000001,465.38
0.377,712.25,500.14000000000004
0.3775,794.55,558.9
0.378,855.95,603.14
0.3785,834.1800000000001,588.92
0.379,743.8900000000001,526.16
0.3795,666.83,472.55
0.38,700.77,497.51
0.3805,750.75,533.96
0.381,763.83,544.2399999999999
0.3815,688.37,491.35
0.382,586.78,419.58
0.3825,507.61999999999995,363.61
0.383,454.99,326.48
0.3835,440.49,316.58
0.384,509.68,366.89
0.3845,613.5899999999999,442.39
0.385,673.55,486.38
0.3855,643.63,465.49
0.386,621.0,449.84000000000003
0.3865,645.7,468.48
0.387,651.47,473.43
0.3875,642.0400000000001,467.31
0.388,635.82,463.5
0.3885,631.36,460.96
0.389,685.43,501.21000000000004
0.3895,759.7,556.37
0.39,796.99,584.57
0.3905,803.71,590.38
0.391,851.38,626.34
0.3915,863.4399999999999,636.17
0.392,794.9300000000001,586.56
0.3925,662.5699999999999,489.61
0.393,479.75,355.02
0.3935,381.52000000000004,282.72
0.394,495.67,367.8
0.3945,683.8499999999999,508.10999999999996
0.395,807.72,600.96
0.3955,860.38,641.01
0.396,756.55,564.43
0.3965,550.1700000000001,411.01
0.397,426.19,318.82
0.3975,629.4499999999999,471.51
0.398,852.49,639.44
0.3985,1006.8999999999999,756.22
0.399,1069.3,804.08
0.3995,1102.1000000000001,829.8
0.4,1114.1000000000001,839.89
0.401,1160.3000000000002,876.91
0.402,1206.1,913.87
0.403,1161.3,882.1099999999999
0.404,1180.1,898.49
0.405,1151.1,878.49
0.406,1122.7,858.78
0.407,1102.6000000000001,845.45
0.408,1151.4,884.88
0.409,1229.9,947.17
0.41,1048.5,809.1
0.411,1173.8,907.6999999999999
0.412,1247.8,966.86
0.413,1197.1000000000001,929.51
0.414,1184.1999999999998,921.34
0.415,1225.8,955.69
0.416,1262.3999999999999,986.2800000000001
0.417,1231.2,963.92
0.418,1177.7,923.92
0.419,1225.8,963.54
0.42,1123.2,884.67
0.421,1275.7,1006.6999999999999
0.422,1258.3,994.99
0.423,1218.3999999999999,965.31
0.424,1211.7,961.82
0.425,1248.8,993.12
0.426,1213.5,966.6700000000001
0.427,1172.4,935.5
0.428,1183.8999999999999,946.25
0.429,1096.3,877.66
0.43,874.62,701.3399999999999
0.431,793.9399999999999,637.79
0.432,1320.7,1062.8
0.433,1228.8,990.5
0.434,1135.2,916.53
0.435,1245.2,1006.9999999999999
0.436,1365.8999999999999,1106.1000000000001
0.437,1394.3000000000002,1130.6000000000001
0.438,1223.8,993.6800000000001
0.439,1177.5,957.53
0.44,1349.9,1099.3
0.441,1331.3,1085.9
0.442,1425.0,1164.0
0.443,1445.3,1182.3
0.444,1408.4,1153.7
0.445,1461.9,1199.2
0.446,1310.8,1076.6
0.447,1490.3,1225.7
0.448,1508.1,1242.2
0.449,1504.5,1240.8999999999999
0.45,1559.5,1288.1
0.451,1617.3,1337.6
0.452,1548.2,1282.2
0.453,1429.7,1185.4
0.454,1533.5,1273.0
0.455,1522.3999999999999,1265.5
0.456,1572.4,1308.8
0.457,1585.3999999999999,1321.3
0.458,1551.3999999999999,1294.6
0.459,1539.1,1285.9
0.46,1529.1,1279.1
0.461,1582.7,1325.5
0.462,1597.5,1339.2
0.463,1603.1,1345.2
0.464,1554.4,1305.5
0.465,1535.0,1290.5
0.466,1567.3,1319.0
0.467,1497.3000000000002,1261.6000000000001
0.468,1561.9,1317.8000000000002
0.469,1568.2,1324.7
0.47,1507.7,1274.8999999999999
0.471,1533.1,1297.5
0.472,1612.6000000000001,1366.1000000000001
0.473,1549.9,1314.4
0.474,1567.1,1330.4
0.475,1618.5,1375.5
0.476,1563.1,1329.9
0.477,1572.4,1339.2
0.478,1623.0,1383.8999999999999
0.479,1591.6,1358.6000000000001
0.48,1618.1000000000001,1382.5
0.481,1617.6999999999998,1383.6
0.482,1623.6,1389.8999999999999
0.483,1603.8,1374.2
0.484,1573.3999999999999,1349.2
0.485,1568.3,1345.6999999999998
0.486,1271.6000000000001,1091.8000000000002
0.487,1424.1,1223.5
0.488,1541.3,1325.2
0.489,1451.8999999999999,1249.2
0.49,1622.4,1396.8
0.491,1559.5,1343.5
0.492,1486.9,1281.8
0.493,1590.3,1371.8999999999999
0.494,1552.5,1340.2
0.495,1648.5,1423.8
0.496,1567.6000000000001,1354.8
0.497,1594.4,1378.8
0.498,1550.8999999999999,1342.1000000000001
0.499,1550.7,1342.9
0.5,1545.1,1339.1
0.501,1497.8,1299.0
0.502,1496.6,1299.1
0.503,1565.3,1359.6999999999998
0.504,1458.7,1268.2
0.505,1563.5,1359.8
0.506,1626.4,1415.3
0.507,1556.0,1354.8
0.508,1516.5,1321.0
0.509,1589.3,1385.0
0.51,1548.1000000000001,1349.6999999999998
0.511,1576.8999999999999,1375.3
0.512,1618.6000000000001,1412.5
0.513,1520.6,1327.7
0.514,1488.5,1300.3
0.515,1531.4,1338.5
0.516,1545.5,1351.3999999999999
0.517,1259.4,1101.6999999999998
0.518,1440.3,1260.5
0.519,1395.7,1222.2
0.52,1523.6000000000001,1334.8999999999999
0.521,1534.6,1345.2
0.522,1569.0,1376.0
0.523,1478.9,1297.6000000000001
0.524,1590.5,1396.2
0.525,1578.1000000000001,1385.8999999999999
0.526,1534.1,1347.9
0.527,1341.6999999999998,1179.5
0.528,1535.7,1350.8
0.529,1607.1,1414.1999999999998
0.53,1544.6,1359.8
0.531,1629.2,1434.8000000000002
0.532,1599.8000000000002,1409.4
0.533,1428.6000000000001,1259.0
0.534,1530.2,1349.1
0.535,1553.5,1370.1000000000001
0.536,1619.8999999999999,1429.2
0.537,1498.8999999999999,1322.8999999999999
0.538,1573.8000000000002,1389.6
0.539,1535.1999999999998,1355.8
0.54,1482.5,1309.6000000000001
0.541,1425.1000000000001,1259.5
0.542,1551.1,1371.3999999999999
0.543,1525.6000000000001,1349.3
0.544,1579.2,1397.1
0.545,1543.5,1365.6999999999998
0.546,1529.1,1353.6
0.547,1549.0,1371.6999999999998
0.548,1504.8999999999999,1333.1
0.549,1552.0,1375.2
0.55,1539.9,1364.8
0.551,1538.2,1363.8999999999999
0.552,1569.7,1392.3000000000002
0.553,1525.0,1353.3
0.554,1554.8999999999999,1380.2
0.555,1563.3999999999999,1388.3000000000002
0.556,1536.6,1365.1
0.557,1498.8,1332.1000000000001
0.558,1531.0,1361.3
0.559,1448.3,1288.5
0.56,1474.0,1311.8000000000002
0.561,1559.5,1388.5
0.562,1484.6999999999998,1322.5
0.563,1540.8,1373.1
0.564,1510.6,1346.6
0.565,1520.1,1355.5
0.566,1437.4,1282.3
0.567,1532.0,1367.3
0.568,1518.0,1355.3999999999999
0.569,1480.6999999999998,1322.8
0.57,1481.6000000000001,1324.0
0.571,1433.1000000000001,1281.0
0.572,1513.4,1353.3999999999999
0.573,1519.8,1359.5
0.574,1511.9,1352.7
0.575,1477.7,1322.5
0.576,1465.4,1311.8000000000002
0.577,1502.3,1345.2
0.578,1456.0,1304.0
0.579,1477.0,1323.0
0.58,1502.0,1345.5
0.581,1508.8999999999999,1351.8
0.582,1532.0,1372.9
0.583,1547.9,1387.2
0.584,1544.8,1384.5
0.585,1532.4,1373.6999999999998
0.586,1495.3000000000002,1340.9
0.587,1528.1,1370.8
0.588,1493.4,1340.3
0.589,1289.4,1158.1999999999998
0.59,1370.9,1231.6000000000001
0.591,1466.2,1317.1
0.592,1435.4,1290.0
0.593,1456.1,1308.6
0.594,1449.1000000000001,1302.8999999999999
0.595,1430.8000000000002,1287.0
0.596,1474.5,1326.0
0.597,1478.8,1330.3
0.598,1460.7,1314.2
0.599,1460.6,1314.5
0.6,1475.3,1327.8000000000002
0.601,1457.8999999999999,1312.3
0.602,1436.0,1292.8
0.603,1466.3999999999999,1320.5
0.604,1492.1,1343.9
0.605,1489.5,1341.8000000000002
0.606,1482.2,1335.3
0.607,1491.1000000000001,1343.3999999999999
0.608,1486.2,1339.2
0.609,1474.9,1329.2
0.61,1468.6,1323.7
0.611,1461.1000000000001,1317.0
0.612,1483.1000000000001,1337.0
0.613,1462.1,1318.2
0.614,1417.6,1278.3
0.615,1469.7,1325.3999999999999
0.616,1431.0,1290.6
0.617,1412.8,1274.4
0.618,1466.3999999999999,1322.8
0.619,1473.3,1329.2
0.62,1473.9,1329.9
0.621,1480.2,1335.9
0.622,1426.9,1288.2
0.623,1416.5,1279.3000000000002
0.624,1411.8,1275.1
0.625,1402.6000000000001,1266.7
0.626,1401.2,1265.5
0.627,1441.7,1302.2
0.628,1363.1,1232.8
0.629,1411.4,1275.8
0.63,1392.4,1258.8999999999999
0.631,1416.1,1279.9
0.632,1363.8,1232.6999999999998
0.633,1450.8000000000002,1311.0
0.634,1428.3999999999999,1290.7
0.635,1445.8,1306.5
0.636,1412.8,1276.8
0.637,1461.0,1320.4
0.638,1470.6999999999998,1329.2
0.639,1464.6,1323.8000000000002
0.64,1434.0,1296.2
0.641,1434.8000000000002,1297.0
0.642,1437.6,1299.5
0.643,1452.5,1313.0
0.644,1446.1999999999998,1307.3999999999999
0.645,1456.7,1317.0
0.646,1415.0,1279.7
0.647,1408.6000000000001,1274.4
0.648,1395.2,1262.5
0.649,1351.9,1223.4
0.65,1359.3999999999999,1229.9
0.651,1444.7,1307.1
0.652,1387.1,1255.8
0.653,1431.1000000000001,1295.0
0.654,1415.3,1280.7
0.655,1349.9,1222.0
0.656,1185.1000000000001,1072.7
0.657,1239.3000000000002,1121.8
0.658,1385.5,1254.0
0.659,1390.5,1258.6
0.66,1399.2,1266.8
0.661,1393.3,1261.8
0.662,1381.8999999999999,1251.8
0.663,1384.4,1253.9
0.664,1396.7,1264.7
0.665,1421.4,1287.1
0.666,1420.3,1286.0
0.667,1410.1999999999998,1276.7
0.668,1415.0,1281.0
0.669,1439.4,1303.1999999999998
0.67,1419.6,1285.3000000000002
0.671,1416.9,1282.8999999999999
0.672,1397.2,1265.1
0.673,1409.4,1276.0
0.674,1407.4,1274.2
0.675,1395.8,1263.9
0.676,1412.0,1278.6
0.677,1399.1,1266.8999999999999
0.678,1406.6000000000001,1273.7
0.679,1394.7,1262.8999999999999
0.68,1396.9,1265.0
0.681,1391.5,1260.1
0.682,1398.1,1266.2
0.683,1383.0,1252.6
0.684,1373.8999999999999,1244.5
0.685,1374.8,1245.4
0.686,1343.8000000000002,1217.4
0.687,968.24,882.85
0.688,1120.6000000000001,1019.5000000000001
0.689,1127.8,1026.0
0.69,1182.1,1074.6
0.691,1233.3,1120.1000000000001
0.692,1268.8999999999999,1151.6
0.693,1260.8999999999999,1144.6000000000001
0.694,1246.3999999999999,1131.8
0.695,1271.4,1153.8
0.696,1268.3999999999999,1151.3
0.697,1340.3,1215.1000000000001
0.698,1319.1999999999998,1196.1
0.699,1291.8,1172.1
0.7,1282.3,1163.6
0.701,1265.9,1148.9
0.702,1267.4,1150.0
0.703,1274.7,1156.7
0.704,1307.8000000000002,1186.3999999999999
0.705,1321.3999999999999,1198.9
0.706,1314.4,1192.5
0.707,1309.0,1187.5
0.708,1304.8,1183.8999999999999
0.709,1309.5,1188.0
0.71,1317.5,1195.4
0.711,1315.5,1193.4
0.712,1307.1,1185.6
0.713,1291.8,1171.8999999999999
0.714,1302.8999999999999,1182.3
0.715,1258.6999999999998,1142.8
0.716,1271.6000000000001,1154.8
0.717,1107.1,1008.1
0.718,1029.6000000000001,938.7299999999999
0.719,923.18,842.74
0.72,985.5,899.4
0.721,1086.1000000000001,989.6700000000001
0.722,1240.6999999999998,1128.1000000000001
0.723,1144.4,1042.3
0.724,1055.5,963.05
0.725,1038.0,947.41
0.726,1081.3,986.38
0.727,1085.0,989.88
0.728,1040.0,949.68
0.729,1046.6,955.0300000000001
0.73,1128.5,1029.4
0.731,1070.3,977.02
0.732,1153.4,1052.0
0.733,1196.1999999999998,1090.1000000000001
0.734,1235.7,1126.1000000000001
0.735,1217.8,1110.1000000000001
0.736,1205.8999999999999,1099.3999999999999
0.737,1203.8999999999999,1097.8000000000002
0.738,1226.9,1118.4
0.739,1190.5,1085.5
0.74,1219.5,1111.9
0.741,1214.8000000000002,1107.8
0.742,1215.3,1108.4
0.743,1240.5,1131.6
0.744,1250.3,1140.8
0.745,1249.7,1140.4
0.746,1247.0,1138.1
0.747,1247.7,1138.9
0.748,1240.1,1132.3000000000002
0.749,1235.7,1128.6000000000001
0.75,1234.1,1127.3
0.751,1228.6,1122.4
0.752,1233.0,1126.5
0.753,1226.6,1121.0
0.754,1242.0,1135.3
0.755,1238.3,1132.1000000000001
0.756,1223.2,1118.5
0.757,1222.1,1117.6
0.758,1229.5,1124.6000000000001
0.759,1194.5,1093.2
0.76,266.04,247.16
0.761,153.96,143.28
0.762,687.6600000000001,634.91
0.763,379.52000000000004,352.16999999999996
0.764,538.7800000000001,498.85
0.765,686.01,633.77
0.766,814.6099999999999,750.8000000000001
0.767,974.17,895.74
0.768,1113.8,1022.2
0.769,1127.8,1034.7
0.77,1160.8,1064.6
0.771,1168.6000000000001,1071.6000000000001
0.772,1177.8,1080.2
0.773,1177.1000000000001,1079.7
0.774,1177.1000000000001,1080.0
0.775,1177.1000000000001,1080.1000000000001
0.776,1179.8,1082.7
0.777,1172.7,1076.4
0.778,1171.3,1075.3999999999999
0.779,1176.5,1080.3
0.78,1163.6,1068.7
0.781,1160.7,1066.2
0.782,1166.1999999999998,1071.3999999999999
0.783,1161.4,1067.1999999999998
0.784,1153.6,1060.2
0.785,1158.6000000000001,1064.8999999999999
0.786,1159.2,1065.6000000000001
0.787,1145.0,1053.0
0.788,1130.5,1039.9
0.789,1125.6999999999998,1035.9
0.79,1091.0,1004.5
0.791,1105.8,1017.9
0.792,1095.3,1008.4
0.793,1087.5,1001.5
0.794,1097.2,1010.1
0.795,1093.2,1006.5999999999999
0.796,1074.2,989.85
0.797,1091.3,1005.7
0.798,1112.1000000000001,1024.5
0.799,1090.5,1004.8
0.8,1072.5,988.5899999999999
0.801,1084.3,999.78
0.802,1085.6,1001.1000000000001
0.803,1065.7,982.88
0.804,1078.2,994.52
0.805,1054.5,972.7
0.806,1097.3999999999999,1012.2
0.807,1085.9,1001.8000000000001
0.808,1082.1000000000001,998.4399999999999
0.809,1054.8,973.53
0.81,1055.9,974.88
0.811,1053.3,972.73
0.812,1026.8,948.82
0.813,1008.5999999999999,932.36
0.814,903.5600000000001,836.8100000000001
0.815,895.23,829.27
0.816,832.16,771.71
0.817,851.8299999999999,789.84
0.818,822.59,762.9899999999999
0.819,905.19,838.4399999999999
0.82,861.88,798.99
0.821,997.64,922.92
0.822,951.57,880.81
0.823,672.71,625.76
0.824,935.06,866.19
0.825,969.35,897.52
0.826,933.8100000000001,865.3
0.827,984.65,911.7800000000001
0.828,849.7900000000001,788.6999999999999
0.829,929.3000000000001,861.3499999999999
0.83,916.01,849.3000000000001
0.831,923.92,856.66
0.832,894.2600000000001,829.61
0.833,956.5,886.22
0.834,934.12,866.0799999999999
0.835,1003.2,929.1700000000001
0.836,972.34,901.35
0.837,1009.2,934.9300000000001
0.838,999.01,925.8499999999999
0.839,1001.3000000000001,927.83
0.84,1015.7,941.24
0.841,1010.1,936.26
0.842,997.03,924.11
0.843,1005.3000000000001,931.71
0.844,986.3100000000001,914.34
0.845,1016.5,942.26
0.846,1018.6999999999999,944.47
0.847,991.7,919.47
0.848,992.17,920.1
0.849,985.9599999999999,914.47
0.85,893.7199999999999,829.0
0.851,974.93,904.54
0.852,969.27,899.42
0.853,964.86,895.4
0.854,851.12,790.0
0.855,913.0,847.46
0.856,973.17,903.43
0.857,991.66,920.59
0.858,991.9599999999999,920.9399999999999
0.859,991.71,920.8100000000001
0.86,988.1600000000001,917.64
0.861,986.79,916.48
0.862,994.49,923.67
0.863,1000.5,929.34
0.864,979.1600000000001,909.5600000000001
0.865,963.24,894.87
0.866,849.0,788.8199999999999
0.867,915.46,850.66
0.868,959.2,891.4
0.869,949.56,882.52
0.87,967.5500000000001,899.3299999999999
0.871,953.87,886.71
0.872,966.86,898.8699999999999
0.873,957.21,889.9899999999999
0.874,940.4200000000001,874.51
0.875,926.87,862.0400000000001
0.876,952.77,886.25
0.877,956.1500000000001,889.48
0.878,952.37,886.07
0.879,936.56,871.4399999999999
0.88,939.57,874.34
0.881,908.61,845.63
0.882,932.45,867.87
0.883,929.2700000000001,864.94
0.884,933.0500000000001,868.5899999999999
0.885,944.23,879.13
0.886,907.52,845.15
0.887,910.62,847.99
0.888,922.28,858.99
0.889,934.55,870.41
0.89,923.9300000000001,860.78
0.891,925.84,862.5500000000001
0.892,908.8100000000001,846.88
0.893,873.27,814.12
0.894,851.3,794.13
0.895,813.57,759.5600000000001
0.896,762.5300000000001,712.65
0.897,665.6600000000001,623.1
0.898,717.8,671.37
0.899,548.71,514.61
0.9,742.6,694.29
0.901,599.33,561.62
0.902,667.91,625.0
0.903,688.89,644.83
0.904,844.57,788.62
0.905,817.09,763.37
0.906,775.58,725.02
0.907,638.54,598.33
0.908,652.1700000000001,610.91
0.909,704.31,659.12
0.91,624.67,585.53
0.911,668.08,625.8000000000001
0.912,688.9300000000001,645.08
0.913,628.34,589.0600000000001
0.914,626.49,587.4
0.915,678.36,635.5
0.916,576.4599999999999,540.99
0.917,730.17,683.5
0.918,592.7099999999999,556.1199999999999
0.919,738.77,691.6099999999999
0.92,744.14,696.57
0.921,780.49,730.0400000000001
0.922,700.26,655.84
0.923,745.0400000000001,696.98
0.924,721.5,675.71
0.925,711.0999999999999,666.2099999999999
0.926,703.31,658.75
0.927,787.42,736.84
0.928,589.68,553.63
0.929,551.27,517.9200000000001
0.93,432.09999999999997,406.78999999999996
0.931,409.21000000000004,385.40000000000003
0.932,300.86,283.86
0.933,248.41,234.59
0.934,143.8,136.04
0.935,250.84,236.9
0.936,161.42000000000002,152.67
0.937,163.38,154.53
0.938,200.58,189.62
0.939,398.87,375.91
0.94,471.81,444.11
0.941,371.95,350.71000000000004
0.942,405.32,381.91999999999996
0.943,278.34,262.89
0.944,285.78999999999996,269.87
0.945,368.21,347.28999999999996
0.946,194.61,184.09
0.947,371.12,350.1
0.948,274.22999999999996,259.11
0.949,493.96000000000004,465.14
0.95,147.26,139.44
0.951,483.78,455.63
0.952,268.90999999999997,254.18
0.953,343.62,324.41999999999996
0.954,424.11,399.88
0.955,341.16999999999996,322.04
0.956,328.21,309.96000000000004
0.957,270.67,255.91000000000003
0.958,461.01,434.53000000000003
0.959,373.85,352.94
0.96,420.65999999999997,396.84999999999997
0.961,461.2,434.81
0.962,441.74,416.64
0.963,505.03,475.85
0.964,458.6,432.42
0.965,503.73999999999995,474.69
0.966,502.75000000000006,473.77000000000004
0.967,502.4,473.53000000000003
0.968,652.1,613.0100000000001
0.969,686.22,644.8000000000001
0.97,634.61,596.89
0.971,713.97,670.59
0.972,687.65,646.2900000000001
0.973,606.48,570.8100000000001
0.974,575.29,541.6999999999999
0.975,589.87,555.36
0.976,571.9100000000001,538.72
0.977,638.64,600.84
0.978,615.09,579.0300000000001
0.979,638.15,600.46
0.98,604.68,569.41
0.981,713.38,670.5799999999999
0.982,692.1800000000001,651.0200000000001
0.983,668.65,629.15
0.984,737.3199999999999,692.9
0.985,688.17,647.34
0.986,750.83,705.53
0.987,739.2800000000001,694.89
0.988,734.62,690.59
0.989,749.06,703.9100000000001
0.99,732.27,688.43
0.991,753.58,708.33
0.992,751.02,705.97
0.993,737.2800000000001,693.25
0.994,754.1,708.9100000000001
0.995,751.76,706.73
0.996,748.8399999999999,704.09
0.997,739.7099999999999,695.55
0.998,738.87,694.8100000000001
0.999,738.5699999999999,694.55
1.0,735.3199999999999,691.59
1.001,744.42,700.13
1.002,728.05,684.98
1.003,734.42,690.86
1.004,723.36,680.5600000000001
1.005,681.74,641.4
1.006,712.5200000000001,670.47
1.007,727.53,684.63
1.008,726.85,684.0699999999999
1.009,719.72,677.4200000000001
1.01,719.14,676.95
1.011,722.78,680.3399999999999
1.012,718.77,676.67
1.013,717.61,675.5600000000001
1.014,720.68,678.48
1.015,708.17,666.76
1.016,711.29,669.76
1.017,703.37,662.37
1.018,714.2199999999999,672.63
1.019,688.78,648.8000000000001
1.02,698.96,658.39
1.021,701.75,661.07
1.022,689.6999999999999,649.8000000000001
1.023,695.08,654.9000000000001
1.024,690.5799999999999,650.77
1.025,697.53,657.27
1.026,696.36,656.25
1.027,693.0500000000001,653.18
1.028,693.85,653.98
1.029,686.28,646.8699999999999
1.03,690.55,650.9200000000001
1.031,687.36,647.99
1.032,687.87,648.52
1.033,676.13,637.51
1.034,680.15,641.36
1.035,682.3399999999999,643.48
1.036,682.02,643.23
1.037,674.9699999999999,636.64
1.038,671.72,633.61
1.039,676.36,638.02
1.04,671.6999999999999,633.66
1.041,671.76,633.79
1.042,672.0,634.06
1.043,665.25,627.73
1.044,668.3299999999999,630.67
1.045,664.52,627.12
1.046,647.1400000000001,610.78
1.047,656.9399999999999,620.0799999999999
1.048,662.74,625.59
1.049,658.96,622.06
1.05,654.63,618.02
1.051,655.2099999999999,618.6199999999999
1.052,651.18,614.87
1.053,649.19,613.02
1.054,646.46,610.48
1.055,648.47,612.42
1.056,646.4100000000001,610.5500000000001
1.057,644.8199999999999,609.1
1.058,638.18,602.8599999999999
1.059,618.75,584.53
1.06,635.85,600.73
1.061,621.21,586.94
1.062,632.66,597.82
1.063,622.39,588.15
1.064,631.9599999999999,597.22
1.065,629.13,594.61
1.066,617.13,583.3000000000001
1.067,620.3199999999999,586.3699999999999
1.068,619.4399999999999,585.61
1.069,586.26,554.28
1.07,604.6899999999999,571.78
1.071,616.61,583.04
1.072,615.36,581.94
1.073,603.63,570.86
1.074,621.58,587.8
1.075,592.5200000000001,560.5400000000001
1.076,614.7099999999999,581.41
1.077,604.34,571.75
1.078,603.21,570.76
1.079,604.74,572.1
1.08,597.22,565.1899999999999
1.081,580.8299999999999,549.73
1.082,589.4000000000001,557.7299999999999
1.083,598.14,566.0300000000001
1.084,578.52,547.75
1.085,593.3000000000001,561.63
1.086,554.1,524.96
1.087,566.97,536.85
1.088,593.17,561.59
1.089,579.1899999999999,548.5600000000001
1.09,555.7299999999999,526.5600000000001
1.091,588.35,557.22
1.092,581.24,550.48
1.093,510.58000000000004,484.17
1.094,539.65,511.2
1.095,520.67,493.63
1.096,503.22999999999996,477.31
1.097,578.52,548.0500000000001
1.098,502.90999999999997,477.09000000000003
1.099,507.71999999999997,481.60999999999996
1.1,485.77,461.13
1.101,496.96000000000004,471.69
1.102,468.83000000000004,445.13000000000005
1.103,466.37,442.91
1.104,467.65000000000003,444.12
1.105,506.44,480.65000000000003
1.106,397.92,378.40000000000003
1.107,483.04,458.66
1.108,415.65000000000003,395.17
1.109,412.78,392.49
1.11,478.99,454.96
1.111,331.54,315.72
1.112,413.57,393.29999999999995
1.113,268.5,255.99
1.114,299.85,285.76
1.115,249.87,238.32999999999998
1.116,201.36,192.23000000000002
1.117,79.618,76.164
1.118,217.53,207.63
1.119,113.17,108.21
1.12,141.89,135.62
1.121,185.85999999999999,177.53
1.122,81.68599999999999,78.159
1.123,128.17000000000002,122.55000000000001
1.124,108.7,103.97000000000001
1.125,144.28,137.94
1.126,51.589000000000006,49.394
1.127,157.25,150.32000000000002
1.128,99.224,94.946
1.129,105.91000000000001,101.33
1.13,70.574,67.568
1.131,295.59999999999997,282.01
1.132,234.11,223.59
1.133,153.31,146.60999999999999
1.134,41.74,39.988
1.135,15.462,14.819
1.136,128.76000000000002,123.2
1.137,287.85,274.72
1.138,203.29,194.28
1.139,298.5,284.84
1.14,255.99,244.47
1.141,193.36999999999998,184.85999999999999
1.142,224.79,214.81
1.143,311.83,297.58
1.144,113.26,108.42999999999999
1.145,146.04,139.76
1.146,157.64000000000001,150.85000000000002
1.147,59.176,56.715
1.148,271.13,258.97999999999996
1.149,218.54000000000002,208.94
1.15,121.64,116.48
1.151,203.4,194.53
1.152,247.62,236.66
1.153,238.12,227.61999999999998
1.154,142.48,136.43
1.155,313.15999999999997,299.03000000000003
1.156,280.9,268.37
1.157,314.58000000000004,300.4
1.158,311.71,297.70000000000005
1.159,336.93,321.63000000000005
1.16,286.48,273.71000000000004
1.161,347.53000000000003,331.67
1.162,350.02,334.11999999999995
1.163,468.57,446.44
1.164,401.88,383.32
1.165,388.6,370.8
1.166,374.94,357.81
1.167,409.96,391.05
1.168,419.54,400.18
1.169,423.09999999999997,403.48
1.17,458.73,437.31
1.171,448.31,427.5
1.172,454.83,433.7
1.173,456.42,435.21999999999997
1.174,336.92,321.93
1.175,452.40000000000003,431.42
1.176,476.78999999999996,454.46999999999997
1.177,472.34999999999997,450.40000000000003
1.178,360.0,343.90999999999997
1.179,483.71,461.14
1.18,440.69000000000005,420.52
1.181,455.14,434.23
1.182,323.18,309.03000000000003
1.183,438.7,418.53000000000003
1.184,419.85,400.83000000000004
1.185,407.40999999999997,389.08
1.186,477.15000000000003,455.17999999999995
1.187,455.75,434.94
1.188,335.04,320.39
1.189,415.69,396.84999999999997
1.19,462.39000000000004,441.24
1.191,446.6,426.38
1.192,473.36,451.71
1.193,454.34000000000003,433.7
1.194,468.9,447.51
1.195,446.96000000000004,426.71
1.196,431.31,411.88
1.197,477.15000000000003,455.27
1.198,433.91999999999996,414.26
1.199,364.89,348.69
1.2,448.25,427.89
1.201,437.08000000000004,417.35
1.202,437.17,417.43
1.203,434.09,414.41
1.204,362.47,346.45
1.205,436.91999999999996,417.14
1.206,480.86,458.72
1.207,429.86,410.44000000000005
1.208,433.46000000000004,413.78999999999996
1.209,414.28,395.48
1.21,453.36,432.67
1.211,422.32,403.19
1.212,424.89,405.72
1.213,469.56,448.04
1.214,434.07,414.43
1.215,427.8,408.51
1.216,466.4,445.09
1.217,455.28000000000003,434.57
1.218,459.34000000000003,438.41999999999996
1.219,446.63000000000005,426.39
1.22,458.05,437.24
1.221,465.31,444.13000000000005
1.222,451.39,430.96000000000004
1.223,444.06,424.0
1.224,448.08,427.88
1.225,462.36,441.41
1.226,468.19,446.96000000000004
1.227,433.03999999999996,413.6
1.228,466.58,445.44
1.229,467.21000000000004,446.08
1.23,460.03,439.28000000000003
1.231,472.03000000000003,450.67
1.232,466.33000000000004,445.25
1.233,453.96999999999997,433.59
1.234,470.16,448.93
1.235,465.04,444.09
1.236,469.08,447.95
1.237,463.39000000000004,442.59
1.238,467.96999999999997,446.94
1.239,462.72,441.94
1.24,460.77000000000004,440.11
1.241,461.96999999999997,441.3
1.242,462.46999999999997,441.79
1.243,457.54,437.12
1.244,455.28000000000003,434.99
1.245,456.55,436.21999999999997
1.246,459.45000000000005,439.02000000000004
1.247,457.46,437.15
1.248,458.6,438.28000000000003
1.249,459.66,439.3
1.25,457.05,436.84000000000003
1.251,452.58,432.59999999999997
1.252,450.96999999999997,431.06
1.253,447.73,428.03000000000003
1.254,443.63000000000005,424.15999999999997
1.255,450.7,430.88
1.256,440.23,420.96
1.257,435.32,416.3
1.258,444.96000000000004,425.48999999999995
1.259,427.25,408.68
1.26,431.09999999999997,412.35
1.261,411.46,393.71
1.262,395.67,378.67
1.263,400.19,383.0
1.264,371.47999999999996,355.68
1.265,395.7,378.71
1.266,385.27,368.81
1.267,388.22,371.59
1.268,370.51,354.75
1.269,246.51999999999998,236.56
1.27,387.44,370.87
1.271,408.25,390.62
1.272,408.78999999999996,391.14
1.273,406.25,388.73999999999995
1.274,406.14,388.64
1.275,412.33,394.55
1.276,416.93,398.95000000000005
1.277,420.01,401.90999999999997
1.278,427.63,409.16
1.279,424.56,406.26
1.28,422.04,403.87
1.281,413.35,395.54
1.282,373.05,356.95
1.283,407.33000000000004,389.78000000000003
1.284,420.78,402.68
1.285,423.98999999999995,405.77000000000004
1.286,427.14000000000004,408.78
1.287,422.13,404.05
1.288,419.89,401.92
1.289,409.36,391.94
1.29,412.85,395.22
1.291,417.86,400.04
1.292,396.17999999999995,379.46000000000004
1.293,412.57,395.06
1.294,404.21000000000004,387.09
1.295,405.14,388.01000000000005
1.296,389.57000000000005,373.21999999999997
1.297,371.3,355.83
1.298,391.83,375.36
1.299,408.52,391.27
1.3,353.12,338.55
1.301,362.28,347.28
1.302,391.81,375.39
1.303,346.21000000000004,331.96999999999997
1.304,300.62,288.49
1.305,383.82,367.83
1.306,384.53,368.53000000000003
1.307,305.94,293.62
1.308,346.96,332.77
1.309,384.13000000000005,368.21999999999997
1.31,301.14000000000004,289.08
1.311,333.66,320.12
1.312,333.37,319.85999999999996
1.313,313.52000000000004,300.89
1.314,288.33,276.9
1.315,285.81,274.46999999999997
1.316,324.19,311.13
1.317,312.17,299.69
1.318,333.28000000000003,319.84000000000003
1.319,268.55,258.03
1.32,258.72,248.64
1.321,298.65999999999997,286.84
1.322,302.17,290.22999999999996
1.323,232.79,223.86
1.324,262.49,252.30999999999997
1.325,322.24,309.43
1.326,280.51,269.56
1.327,266.25,255.92999999999998
1.328,234.5,225.55
1.329,177.59,170.97
1.33,229.23,220.51999999999998
1.331,144.8,139.51
1.332,145.79,140.46
1.333,203.04,195.45000000000002
1.334,169.25,163.02
1.335,231.17,222.44
1.336,183.48000000000002,176.7
1.337,164.54,158.51999999999998
1.338,178.04,171.51
1.339,176.81,170.33
1.34,168.30999999999997,162.16
1.341,170.39000000000001,164.19
1.342,177.98,171.49
1.343,127.11,122.59
1.344,75.64500000000001,73.018
1.345,109.03999999999999,105.21
1.346,58.186,56.189
1.347,60.119,58.058
1.348,4.745100000000001,4.586200000000001
1.349,16.159,15.617
1.35,16.025000000000002,15.488
1.351,4.6297999999999995,4.475899999999999
1.352,1.5164,1.4661
1.353,0.096096,0.092918
1.354,0.29009,0.28051
1.355,0.0036034,0.0034847
1.356,0.04807,0.046489
1.357,0.07178599999999999,0.069429
1.358,0.0041948,0.0040574999999999995
1.359,0.0007343899999999999,0.0007104
1.36,0.0021403999999999998,0.0020706
1.361,4.8133e-06,4.6566e-06
1.362,1.8076e-08,1.7489e-08
1.363,0.0031563000000000003,0.003054
1.364,0.0013589000000000001,0.001315
1.365,9.0764e-09,8.7833e-09
1.366,0.012791,0.012379
1.367,0.004976400000000001,0.0048161
1.368,1.4809999999999998e-10,1.4311e-10
1.369,0.00051667,0.00050008
1.37,0.000292,0.00028266
1.371,1.9731e-05,1.9101e-05
1.372,0.0027497999999999997,0.0026623
1.373,0.044400999999999996,0.042991
1.374,0.17917,0.1735
1.375,0.32332,0.31309000000000003
1.376,0.25748,0.24935000000000002
1.377,0.1227,0.11883
1.378,1.1089,1.0740999999999998
1.379,0.052163999999999995,0.050533
1.38,0.081587,0.079042
1.381,0.0023715999999999997,0.0022978
1.382,0.0025672000000000004,0.0024874000000000003
1.383,4.4017e-05,4.2653e-05
1.384,0.00061689,0.00059782
1.385,0.0020899,0.0020255
1.386,0.0025215,0.0024441
1.387,0.19896,0.19288000000000002
1.388,0.0040262,0.0039037000000000004
1.389,0.58098,0.56338
1.39,0.49328,0.47836
1.391,0.34384,0.33345
1.392,0.023782,0.023065
1.393,0.11586,0.11238000000000001
1.394,0.075526,0.073268
1.395,0.00067136,0.0006513700000000001
1.396,6.3214999999999995e-06,6.1338e-06
1.397,0.049057,0.047605
1.398,1.2704000000000002,1.2329
1.399,0.81226,0.7883500000000001
1.4,3.2466e-06,3.1513000000000002e-06
1.401,1.0528e-05,1.0219e-05
1.402,1.8353,1.7817
1.403,2.3800000000000003,2.3108
1.404,0.73892,0.7175499999999999
1.405,0.00036444,0.00035395
1.406,2.0448,1.9861000000000002
1.407,0.17457,0.16957
1.408,1.6493,1.6023
1.409,0.61919,0.6015900000000001
1.41,0.46653,0.45332
1.411,2.1142000000000003,2.0544000000000002
1.412,2.6396,2.565
1.413,23.352999999999998,22.689999999999998
1.414,0.36378,0.35358999999999996
1.415,0.18366,0.17854
1.416,35.565,34.561
1.417,11.759,11.431000000000001
1.418,13.559,13.181999999999999
1.419,2.1442,2.0850999999999997
1.42,8.271799999999999,8.043700000000001
1.421,9.1637,8.9117
1.422,46.314,45.023
1.423,9.2198,8.9676
1.424,16.975,16.511000000000003
1.425,25.85,25.142
1.426,27.792,27.032
1.427,49.546,48.18
1.428,4.5588,4.436
1.429,38.019999999999996,36.985
1.43,61.601000000000006,59.912
1.431,50.156,48.792
1.432,2.5194,2.4524
1.433,35.833999999999996,34.87
1.434,20.962,20.403000000000002
1.435,21.416,20.847
1.436,38.351000000000006,37.326
1.437,29.88,29.085
1.438,13.263,12.913
1.439,51.039,49.672000000000004
1.44,39.601,38.547
1.441,31.8,30.959
1.442,36.317,35.356
1.443,45.063,43.867999999999995
1.444,61.791,60.143
1.445,49.751,48.434
1.446,23.095000000000002,22.492
1.447,36.214999999999996,35.265
1.448,115.69,112.54
1.449,102.13,99.37400000000001
1.45,27.412,26.699
1.451,11.270999999999999,10.98
1.452,62.361,60.718
1.453,81.978,79.803
1.454,137.59,133.83999999999997
1.455,66.15,64.40899999999999
1.456,88.509,86.158
1.457,117.0,113.86
1.458,136.43,132.73
1.459,163.07,158.6
1.46,85.42099999999999,83.161
1.461,90.276,87.88600000000001
1.462,130.6,127.08
1.463,43.225,42.105999999999995
1.464,151.84,147.7
1.465,93.383,90.911
1.466,65.197,63.498
1.467,36.054,35.128
1.468,76.942,74.928
1.469,94.845,92.344
1.47,49.678,48.397000000000006
1.471,17.848,17.394
1.472,46.771,45.566
1.473,70.198,68.368
1.474,97.339,94.765
1.475,184.63,179.54
1.476,68.778,66.98700000000001
1.477,69.736,67.91600000000001
1.478,63.48,61.824999999999996
1.479,120.01,116.8
1.48,60.637,59.062999999999995
1.481,115.29,112.21000000000001
1.482,58.49,56.967
1.483,148.59,144.54
1.484,137.47,133.75
1.485,125.03,121.67999999999999
1.486,123.39999999999999,120.08000000000001
1.487,60.629000000000005,59.041999999999994
1.488,94.18,91.654
1.489,189.73000000000002,184.43
1.49,174.78,169.93
1.491,197.78,192.22
1.492,164.41,159.86
1.493,181.57000000000002,176.51
1.494,203.67,197.94
1.495,182.53,177.45
1.496,168.52,163.85
1.497,228.5,221.98000000000002
1.498,189.67999999999998,184.37
1.499,217.59,211.41
1.5,250.61,243.39
1.501,265.52,257.82
1.502,233.56,226.88
1.503,184.93,179.72
1.504,160.29,155.85999999999999
1.505,184.01999999999998,178.85000000000002
1.506,257.73,250.26
1.507,255.14,247.79000000000002
1.508,243.02,236.06
1.509,186.9,181.69
1.51,270.52,262.69
1.511,264.73999999999995,257.1
1.512,260.68,253.14999999999998
1.513,242.39,235.44
1.514,225.71,219.29999999999998
1.515,265.73,258.03999999999996
1.516,256.83,249.43
1.517,249.29000000000002,242.14
1.518,252.11,244.89
1.519,244.37,237.39
1.52,264.5,256.88
1.521,275.05,267.07
1.522,263.78000000000003,256.17
1.523,280.04,271.92
1.524,275.39000000000004,267.43
1.525,258.84000000000003,251.4
1.526,267.45000000000005,259.77
1.527,262.2,254.68
1.528,279.28,271.22
1.529,272.44,264.6
1.53,255.22,247.89
1.531,269.73,262.0
1.532,278.39000000000004,270.39000000000004
1.533,277.14,269.17999999999995
1.534,268.92,261.22
1.535,266.86,259.24
1.536,274.64,266.79
1.537,273.36,265.58
1.538,272.02,264.27
1.539,272.95000000000005,265.19
1.54,264.90999999999997,257.37
1.541,269.04,261.40999999999997
1.542,269.27,261.65
1.543,272.08,264.39
1.544,272.1,264.43
1.545,277.05,269.22
1.546,274.81,267.05
1.547,273.09,265.37
1.548,266.75,259.2
1.549,273.42,265.68
1.55,269.9,262.26
1.551,270.58,262.93
1.552,271.82,264.15
1.553,271.32,263.66
1.554,264.73999999999995,257.27
1.555,267.59,260.05
1.556,263.1,255.68999999999997
1.557,270.62,263.01000000000005
1.558,268.48,260.93
1.559,268.08,260.54
1.56,265.68,258.21
1.561,270.02,262.41999999999996
1.562,267.56,260.03
1.563,266.67,259.17
1.564,262.64,255.24999999999997
1.565,267.28000000000003,259.75
1.566,262.45,255.06
1.567,263.08,255.66
1.568,257.22,249.97
1.569,254.52,247.35999999999999
1.57,241.75,234.97
1.571,235.07,228.5
1.572,237.75,231.08
1.573,234.07,227.5
1.574,241.45,234.64
1.575,239.74,232.94
1.576,246.78,239.8
1.577,216.01999999999998,209.94
1.578,235.16,228.54
1.579,236.72000000000003,230.05
1.58,244.64,237.72
1.581,248.70000000000002,241.65
1.582,241.95,235.08
1.583,247.54999999999998,240.51
1.584,249.04000000000002,241.94
1.585,258.74,251.35000000000002
1.586,255.68999999999997,248.38
1.587,253.02999999999997,245.79000000000002
1.588,251.07000000000002,243.88000000000002
1.589,232.33,225.67000000000002
1.59,241.79,234.86
1.591,241.97,235.03
1.592,252.24999999999997,245.01999999999998
1.593,258.33,250.92
1.594,256.24,248.9
1.595,258.23,250.82999999999998
1.596,244.51999999999998,237.51
1.597,246.92,239.85
1.598,254.20999999999998,246.93
1.599,242.02,235.11
1.6,238.1,231.33
1.601,223.23000000000002,216.91
1.602,224.13,217.79999999999998
1.603,223.97,217.65
1.604,228.42000000000002,221.97
1.605,236.83,230.1
1.606,241.4,234.53
1.607,232.96,226.36999999999998
1.608,229.9,223.42999999999998
1.609,227.27,220.88
1.61,217.6,211.46
1.611,226.8,220.39000000000001
1.612,230.76,224.22
1.613,237.19,230.47
1.614,238.38,231.62
1.615,241.04,234.2
1.616,230.5,223.95000000000002
1.617,234.65,227.98
1.618,243.51999999999998,236.6
1.619,241.0,234.15
1.62,234.49,227.83
1.621,234.3,227.64999999999998
1.622,237.54,230.80999999999997
1.623,242.46,235.59
1.624,242.69,235.82
1.625,237.82,231.09
1.626,239.71,232.94
1.627,240.78,233.98
1.628,241.26,234.46
1.629,241.37,234.56
1.63,236.51,229.83999999999997
1.631,238.06,231.36
1.632,238.21,231.51
1.633,232.67,226.14000000000001
1.634,232.82,226.28
1.635,233.67,227.11999999999998
1.636,235.39,228.79
1.637,227.0,220.64000000000001
1.638,220.07,213.93
1.639,220.26000000000002,214.10000000000002
1.64,215.10999999999999,209.13000000000002
1.641,219.6,213.48
1.642,220.82,214.67
1.643,215.35000000000002,209.39
1.644,223.55,217.32999999999998
1.645,218.22,212.16
1.646,217.48999999999998,211.47
1.647,227.68,221.35
1.648,216.54999999999998,210.57
1.649,218.67000000000002,212.60999999999999
1.65,225.26,219.01999999999998
1.651,208.55,202.81
1.652,223.73000000000002,217.54000000000002
1.653,222.76999999999998,216.60999999999999
1.654,215.82999999999998,209.91000000000003
1.655,222.31,216.19
1.656,221.01000000000002,214.94
1.657,222.23000000000002,216.13
1.658,224.86999999999998,218.70000000000002
1.659,221.20000000000002,215.14
1.66,223.32,217.20999999999998
1.661,223.84,217.73999999999998
1.662,219.07999999999998,213.13
1.663,222.35,216.29999999999998
1.664,220.98000000000002,214.98000000000002
1.665,211.78,206.07
1.666,178.84,174.10999999999999
1.667,210.68,205.02
1.668,214.59,208.81
1.669,215.16,209.39
1.67,221.67999999999998,215.73000000000002
1.671,218.79000000000002,212.94
1.672,211.47,205.82
1.673,216.29000000000002,210.52
1.674,215.75,210.02
1.675,213.60000000000002,207.93
1.676,211.45,205.84
1.677,212.29000000000002,206.68
1.678,209.15,203.65
1.679,213.03,207.41000000000003
1.68,205.58,200.17
1.681,194.47,189.36
1.682,203.66,198.3
1.683,209.06,203.57
1.684,197.97,192.83
1.685,213.21,207.63
1.686,210.26,204.76
1.687,204.84,199.51
1.688,210.13000000000002,204.65
1.689,207.18,201.78
1.69,205.23,199.91
1.691,193.03,188.07999999999998
1.692,207.07999999999998,201.74
1.693,211.34,205.87
1.694,204.77,199.5
1.695,209.68,204.27
1.696,209.22,203.83
1.697,181.07000000000002,176.49
1.698,207.39,202.07
1.699,205.51,200.24
1.7,199.75,194.64000000000001
1.702,203.96,198.74
1.705,197.78,192.75
1.71,187.9,183.16
1.715,189.65,184.9
1.72,186.98000000000002,182.31
1.725,178.07999999999998,173.67
1.73,174.07,169.79
1.735,161.54,157.57999999999998
1.74,168.18,164.05
1.745,154.81,151.04999999999998
1.75,165.66,161.62
1.755,153.01000000000002,149.31
1.76,159.98000000000002,156.07999999999998
1.765,132.84,129.67000000000002
1.77,141.72,138.31
1.775,114.84,112.13
1.78,100.5,98.143
1.785,76.981,75.20100000000001
1.79,88.904,86.831
1.795,46.931,45.864000000000004
1.8,31.828000000000003,31.112000000000002
1.805,14.815,14.485
1.81,9.691099999999999,9.4762
1.815,3.2816,3.2093
1.82,0.98755,0.96578
1.825,1.2744,1.2463000000000002
1.83,0.0052041,0.0050896000000000005
1.835,0.006419,0.0062784
1.84,6.2703e-05,6.1337e-05
1.845,0.0062658,0.0061298
1.85,0.0029993,0.0029348
1.855,0.00028396,0.00027795
1.86,0.011151000000000001,0.010920000000000001
1.865,0.016982,0.016644
1.87,2.6662e-07,2.6148000000000004e-07
1.875,4.5129999999999997e-07,4.4296e-07
1.88,0.07750499999999999,0.076123
1.885,0.04389,0.043129
1.89,0.22333,0.21956
1.895,0.12947,0.12743
1.9,0.0008622100000000001,0.0008491600000000001
1.905,0.00056667,0.00055798
1.91,0.023045,0.022726
1.915,0.019947,0.019673
1.92,0.45069000000000004,0.44451
1.925,0.9361499999999999,0.92326
1.93,0.55242,0.54474
1.935,3.5934999999999997,3.5428
1.94,3.2821000000000002,3.2357
1.945,10.863,10.706999999999999
1.95,16.727,16.482
1.955,10.036,9.886000000000001
1.96,21.906,21.569000000000003
1.965,28.563000000000002,28.114
1.97,48.847,48.055
1.975,67.857,66.73
1.98,75.512,74.234
1.985,83.063,81.625
1.99,85.613,84.12400000000001
1.995,81.19,79.78699999999999
2.0,38.156000000000006,37.491
2.005,15.001000000000001,14.747
2.01,39.748,39.071000000000005
2.015,26.648000000000003,26.208
2.02,44.981,44.239
2.025,74.01,72.779
2.03,84.856,83.46000000000001
2.035,96.386,94.808
2.04,89.781,88.34400000000001
2.045,91.074,89.636
2.05,67.927,66.892
2.055,54.906000000000006,54.089999999999996
2.06,69.193,68.157
2.065,61.875,60.962
2.07,65.676,64.71499999999999
2.075,77.443,76.30499999999999
2.08,86.812,85.528
2.085,85.102,83.84700000000001
2.09,89.1,87.779
2.095,89.747,88.421
2.1,86.133,84.869
2.105,93.153,91.771
2.11,89.654,88.32
2.115,91.673,90.30799999999999
2.12,87.588,86.28099999999999
2.125,88.632,87.30300000000001
2.13,89.774,88.422
2.135,90.044,88.67899999999999
2.14,90.767,89.39
2.145,89.48599999999999,88.132
2.15,84.63900000000001,83.369
2.155,84.84,83.566
2.16,84.17,82.912
2.165,76.31,75.17500000000001
2.17,81.996,80.776
2.175,80.44800000000001,79.25699999999999
2.18,81.808,80.59700000000001
2.185,74.55000000000001,73.458
2.19,79.068,77.905
2.195,78.992,77.833
2.2,71.202,70.175
2.205,74.01,72.947
2.21,79.315,78.17399999999999
2.215,76.273,75.18900000000001
2.22,77.72999999999999,76.631
2.225,75.453,74.39999999999999
2.23,75.773,74.727
2.235,74.299,73.28999999999999
2.24,73.11800000000001,72.14
2.245,70.838,69.911
2.25,71.937,71.034
2.255,67.69,66.865
2.26,66.929,66.14299999999999
2.265,68.137,67.355
2.27,64.86699999999999,64.138
2.275,64.021,63.309000000000005
2.28,66.288,65.551
2.285,63.08,62.389
2.29,63.22,62.534000000000006
2.295,61.265,60.602999999999994
2.3,58.824,58.193000000000005
2.305,59.171,58.544
2.31,63.87,63.18899999999999
2.315,58.141,57.528000000000006
2.32,52.031,51.489
2.325,56.215,55.626000000000005
2.33,56.824,56.231
2.335,57.967,57.362
2.34,45.836,45.366
2.345,51.4,50.869
2.35,41.535999999999994,41.115
2.355,47.473,46.988
2.36,50.236999999999995,49.724
2.365,49.409,48.909
2.37,30.817,30.514
2.375,44.147,43.704
2.38,42.552,42.128
2.385,30.826,30.525
2.39,37.109,36.748000000000005
2.395,40.594,40.199
2.4,44.15,43.726
2.405,33.599,33.286
2.41,33.813,33.504
2.415,27.3,27.058
2.42,26.59,26.358
2.425,33.078,32.802
2.43,45.099000000000004,44.725
2.435,14.878,14.765
2.44,43.249,42.926
2.445,20.798000000000002,20.657
2.45,13.611,13.523
2.455,24.853,24.695
2.46,33.363,33.157
2.465,24.148,24.009
2.47,16.727,16.635
2.475,16.455000000000002,16.368000000000002
2.48,8.0395,7.999600000000001
2.485,5.6102,5.5840000000000005
2.49,3.5113000000000003,3.4957
2.495,2.8771999999999998,2.8647
2.5,7.0642,7.0328
2.505,1.5191000000000001,1.5124
2.51,2.2163,2.2063
2.515,0.5188,0.51644
2.52,0.37054,0.36879
2.525,0.041393,0.041194
2.53,0.00063593,0.00063279
2.535,0.00017502,0.00017415
2.54,0.00037716000000000003,0.00037521
2.545,5.3758e-08,5.3469e-08
2.55,2.8222e-10,2.8066e-10
2.555,1.0435e-06,1.0377e-06
2.56,3.102e-08,3.0842e-08
2.565,1.5955e-11,1.5846e-11
2.57,1.5258e-15,1.5151e-15
2.575,1.0786e-24,1.0708e-24
2.58,3.8214e-19,3.7932999999999997e-19
2.585,1.7193999999999998e-31,1.7064e-31
2.59,5.4793e-28,5.436900000000001e-28
2.595,2.2838e-30,2.2666e-30
2.6,4.491200000000001e-25,4.4556e-25
2.605,5.8053e-32,5.7592e-32
2.61,5.9447e-31,5.897000000000001e-31
2.615,1.1196e-34,1.1106000000000001e-34
2.62,5.650499999999999e-26,5.6056e-26
2.625,3.8686999999999997e-25,3.8378e-25
2.63,2.8025999999999998e-42,2.8025999999999998e-42
2.635,3.9026999999999996e-13,3.8719e-13
2.64,1.175e-13,1.1656999999999998e-13
2.645,8.998800000000001e-16,8.9292e-16
2.65,1.4295e-16,1.4186e-16
2.655,1.3133e-24,1.3036e-24
2.66,2.6068e-22,2.588e-22
2.665,1.1123e-34,1.1045000000000002e-34
2.67,0.0,0.0
2.675,0.0,0.0
2.68,0.0,0.0
2.685,0.0,0.0
2.69,1.0226e-26,1.0178e-26
2.695,7.1284e-30,7.1014e-30
2.7,0.0,0.0
2.705,2.9315000000000002e-39,2.9273000000000004e-39
2.71,1.125e-32,1.1239e-32
2.715,3.8557e-23,3.8549e-23
2.72,5.6051999999999995e-42,5.6051999999999995e-42
2.725,7.2935e-19,7.3094e-19
2.73,6.073399999999999e-16,6.0929e-16
2.735,5.4888e-18,5.5121e-18
2.74,2.3314000000000002e-24,2.3435e-24
2.745,1.3146e-20,1.3223999999999999e-20
2.75,1.6648e-25,1.6758e-25
2.755,6.7262e-41,6.7262e-41
2.76,0.0,0.0
2.765,2.6777e-24,2.7001e-24
2.77,8.3791e-21,8.4528e-21
2.775,3.999e-35,4.036e-35
2.78,4.8067e-31,4.8531999999999995e-31
2.785,3.8866e-24,3.9255e-24
2.79,1.217e-13,1.2295e-13
2.795,3.6205e-13,3.6591e-13
2.8,1.6484e-09,1.6665e-09
2.805,6.7478e-11,6.8228e-11
2.81,4.0233e-07,4.0695e-07
2.815,2.8685e-07,2.9018e-07
2.82,2.0548e-08,2.0789000000000002e-08
2.825,0.00017605,0.00017814
2.83,0.0039008,0.0039475
2.835,2.1276e-07,2.1532999999999998e-07
2.84,0.00019609,0.00019849
2.845,0.040575,0.041074
2.85,0.0011566,0.0011708
2.855,0.00044867,0.00045424999999999996
2.86,0.025356,0.025672
2.865,0.16763,0.16974
2.87,0.0063129,0.006392200000000001
2.875,0.3917,0.39663
2.88,0.24724000000000002,0.25037
2.885,0.45332,0.45906
2.89,0.18623,0.1886
2.895,2.6643,2.6982
2.9,0.81152,0.82183
2.905,0.11095999999999999,0.11237
2.91,2.722,2.7566
2.915,1.2581,1.2742
2.92,2.8948,2.9316
2.925,1.0835000000000001,1.0973000000000002
2.93,5.8858,5.9606
2.935,6.4903,6.5725
2.94,1.6273,1.6479000000000001
2.945,1.4488999999999999,1.4673
2.95,5.2276,5.2935
2.955,2.3360999999999996,2.3655
2.96,4.5971,4.6549
2.965,7.4379,7.5313
2.97,0.35233,0.35676
2.975,0.85429,0.86499
2.98,1.3381,1.3548
2.985,6.9628,7.0495
2.99,10.28,10.407
2.995,4.2755,4.3286
3.0,7.8472,7.9442
3.005,2.8906,2.9261
3.01,6.847899999999999,6.9319999999999995
3.015,5.5551,5.6232
3.02,0.63369,0.6414300000000001
3.025,7.503100000000001,7.594799999999999
3.03,6.0752999999999995,6.1491
3.035,2.4986,2.529
3.04,2.0242,2.0487
3.045,4.209,4.2599
3.05,1.0321,1.0446
3.055,0.28947,0.29295
3.06,6.3012,6.3761
3.065,2.9112999999999998,2.9458
3.07,1.7492,1.7699
3.075,6.0221,6.0927999999999995
3.08,3.6224,3.6646
3.085,1.7671,1.7876
3.09,2.3804999999999996,2.408
3.095,0.6551,0.66266
3.1,4.401000000000001,4.4513
3.105,0.9215500000000001,0.93203
3.11,0.8456899999999999,0.85524
3.115,2.2677,2.2932
3.12,9.819700000000001,9.9294
3.125,3.0289,3.0625
3.13,5.7614,5.8246
3.135,11.446,11.571
3.14,3.3241,3.3603
3.145,3.2517,3.2869
3.15,6.6743999999999994,6.7457
3.155,5.6366000000000005,5.6965
3.16,9.232000000000001,9.3294
3.165,14.017,14.163
3.17,12.516,12.645
3.175,9.2302,9.3252
3.18,10.621,10.73
3.185,8.0823,8.1644
3.19,4.2388,4.2817
3.195,2.6927000000000003,2.7197
3.2,0.43843000000000004,0.44279999999999997
3.205,0.30972999999999995,0.3128
3.21,0.13634000000000002,0.13768
3.215,0.49752,0.50237
3.22,1.6089,1.6245
3.225,0.19875,0.20066
3.23,0.3408,0.34404
3.235,7.2940000000000005,7.3625
3.24,3.7464,3.7816
3.245,0.7340899999999999,0.7409600000000001
3.25,2.6067,2.6308
3.255,9.9378,10.029
3.26,1.2248,1.236
3.265,2.4465,2.4686
3.27,1.2186000000000001,1.2291999999999998
3.275,5.926500000000001,5.9758
3.28,2.8644,2.8890000000000002
3.285,11.128,11.223
3.29,8.7571,8.831
3.295,1.2233999999999998,1.2336999999999998
3.3,1.7794,1.7944
3.305,3.9415999999999998,3.9746
3.31,3.9234999999999998,3.9565
3.315,0.016132999999999998,0.016269
3.32,0.059987,0.060496
3.325,3.5187,3.5486
3.33,4.6616,4.7014
3.335,9.0694,9.147
3.34,3.4602,3.4903
3.345,3.5408000000000004,3.5722
3.35,8.027700000000001,8.0998
3.355,3.6308,3.6641999999999997
3.36,5.240200000000001,5.2892
3.365,7.1907000000000005,7.2591
3.37,3.9389000000000003,3.9769999999999994
3.375,8.456,8.538799999999998
3.38,5.1114999999999995,5.1624
3.385,7.4896,7.5649999999999995
3.39,9.8552,9.955200000000001
3.395,9.5465,9.6446
3.4,12.508999999999999,12.638
3.405,4.4594,4.5061
3.41,7.0802,7.1547
3.415,7.2774,7.3543
3.42,13.165,13.305000000000001
3.425,10.005999999999998,10.112
3.43,8.6892,8.781
3.435,11.553,11.673
3.44,8.0348,8.1181
3.445,11.318,11.434
3.45,11.153,11.267
3.455,8.3089,8.3938
3.46,12.53,12.657
3.465,9.8179,9.9163
3.47,12.264000000000001,12.386
3.475,10.943,11.051
3.48,11.224,11.334999999999999
3.485,12.094000000000001,12.212
3.49,10.418999999999999,10.52
3.495,12.265,12.383
3.5,11.917,12.032
3.505,11.809,11.923
3.51,11.963,12.077
3.515,11.494000000000002,11.598
3.52,12.122000000000002,12.226
3.525,11.428,11.523
3.53,11.126999999999999,11.216999999999999
3.535,9.4556,9.5305
3.54,9.031,9.1011
3.545,9.5432,9.6154
3.55,10.538,10.616
3.555,9.0581,9.124500000000001
3.56,10.795,10.872
3.565,10.850999999999999,10.928
3.57,8.3376,8.395100000000001
3.575,8.6444,8.7028
3.58,10.187,10.255
3.585,9.1671,9.228200000000001
3.59,9.452300000000001,9.5145
3.595,9.67,9.732899999999999
3.6,10.262,10.328000000000001
3.605,10.359,10.425
3.61,9.4787,9.5385
3.615,9.4726,9.5318
3.62,11.613999999999999,11.686
3.625,10.238999999999999,10.302
3.63,9.955,10.016
3.635,10.299000000000001,10.362
3.64,11.48,11.549
3.645,10.599,10.663
3.65,10.123,10.183
3.655,10.978,11.042
3.66,10.914,10.978
3.665,10.253,10.312999999999999
3.67,7.9003000000000005,7.9464
3.675,4.8286,4.8568999999999996
3.68,8.3312,8.3789
3.685,9.438,9.4906
3.69,9.6922,9.745800000000001
3.695,10.132,10.187999999999999
3.7,10.878,10.937000000000001
3.705,10.77,10.827
3.71,9.364,9.413
3.715,9.2254,9.2731
3.72,10.376,10.429
3.725,10.697999999999999,10.751
3.73,9.2707,9.316899999999999
3.735,8.5837,8.626
3.74,8.849400000000001,8.8923
3.745,10.331,10.38
3.75,9.2903,9.3341
3.755,8.9918,9.0336
3.76,8.863299999999999,8.9041
3.765,8.5502,8.5891
3.77,9.1243,9.1649
3.775,9.052100000000001,9.091800000000001
3.78,9.5746,9.6158
3.785,8.8123,8.8498
3.79,7.7564,7.7891
3.795,8.869200000000001,8.9056
3.8,9.8592,9.8988
3.805,9.3049,9.3414
3.81,8.2451,8.2771
3.815,7.7569,7.7867
3.82,9.655000000000001,9.6908
3.825,9.5056,9.5402
3.83,9.592500000000001,9.6268
3.835,7.6916,7.719
3.84,8.9756,9.0066
3.845,8.780100000000001,8.8097
3.85,8.827399999999999,8.8569
3.855,8.5085,8.5365
3.86,7.994,8.0197
3.865,8.098899999999999,8.1248
3.87,7.360399999999999,7.3839
3.875,6.762,6.7832
3.88,6.534,6.5543
3.885,6.7717,6.7926
3.89,6.8818,6.9028
3.895,7.476,7.4983
3.9,7.925400000000001,7.9487
3.905,7.926900000000001,7.95
3.91,7.1353,7.156
3.915,6.9868,7.007000000000001
3.92,6.9466,6.9665
3.925,6.851999999999999,6.8713999999999995
3.93,7.0502,7.0699
3.935,7.3541,7.3743
3.94,7.4027,7.4228000000000005
3.945,7.5412,7.5613
3.95,7.6277,7.6475
3.955,7.7199,7.7399000000000004
3.96,7.748200000000001,7.7679
3.965,7.8057,7.8253
3.97,7.6806,7.6997
3.975,7.5097000000000005,7.528
3.98,7.3872,7.4049
3.985,7.4327000000000005,7.4503
3.99,7.3723,7.3894
3.995,7.21,7.2263
4.0,7.1043,7.1199
